R_peaks,P_onsets,T_ends,Heart_Rate
22.0,19.0,30.0,64.0698607125774
115.0,95.0,128.0,64.0698607125774
208.0,189.0,217.0,64.0698607125774
300.0,298.0,314.0,64.0698607125774
393.0,391.0,400.0,64.0698607125774
488.0,483.0,500.0,64.0698607125774
583.0,580.0,593.0,64.0698607125774
679.0,672.0,692.0,64.0698607125774
773.0,769.0,778.0,64.0698607125774
865.0,848.0,869.0,64.0698607125774
